{
  "id": "core-dashboard",
  "require": {
    "net": false
  },
  "i18n": {
    "title": {
      "ar": "جدول الوظائف",
      "en": "Dashboard",
      "fr": "Tableau de bord",
      "id": "Dasbor",
      "grc": "Πινακίδιον",
      "ar": "الفهرس"
    },
    "summary": {
      "en": "This editor is a tool for creating Scripture and related resources. This page gives a summary of what is available. You can also navigate using the menu, top left. For some pages you need internet access, which you can enable by clicking on the switch, top-right. (Only do this if it is safe to do so.)",
      "fr": "Voici un outil pour la création de traductions et de ressources bibliques. Cette page-ci montre en survol les fonctionnalités disponibles. Vous pouvez aussi naviguer à partir du menu, en haut à gauche. Certaines pages peuvent exiger une connexion internet. Vous pouvez permettre cette connexion en cliquant sur l'interrupteur en haut à droite, mais ne faites cela que si la connexion est sécurisée.",
      "es": "Este editor es una herramienta para crear Escrituras y recursos relacionados. Esta página ofrece un resumen de los recursos disponibles. También puede navegar utilizando el menú, arriba a la izquierda. Para acceder a algunas páginas necesita tener acceso a Internet, que puede activar pulsando en el interruptor de la parte superior derecha. (Hágalo sólo si es seguro hacerlo)."
    },
    "edit": {
      "en": "Edit your content",
      "fr": "Editer votre contenu"
    }
  }
}