{
  "id": "content",
  "require": {
    "net": false,
    "debug": false
  },
  "i18n": {
    "title": {
      "en": "My Content",
      "fr": "Mon Contenu"
    },
    "summary": {
      "en": "View and manage my content, including content I am creating with others and resources I am using.",
      "fr": "Voir et gérer mon contenu, y compris des documents que je crée avec d'autres et ceux qui servent d'aide à la traduction."
    },
    "close": {
      "en":"close",
      "es":"cerrar"
    },
    "new_content": {
      "en":"New Content",
      "es":"Nuevo Contenido"
    },
    "create": {
      "en":"Create",
      "es":"Crear"
    },
    "name": {
      "en":"Name",
      "es":"Nombre"
    },
    "abbreviation": {
      "en":"Abbreviation",
      "es":"Abreviación"
    },
    "type": {
      "en":"Type",
      "es":"Tipo"
    },
    "lang_code": {
      "en":"Language Code ('und' for undetermined)",
      "es":"Código del Idioma (si no está determinado, use 'und')"
    },
    "add": {
      "en":"add",
      "es":"agregar"
    },
    "create_content": {
      "en":"Create New Content",
      "es":"Crear Nuevo Contenido"
    },
    "download_content": {
      "en":"Download Content",
      "es":"Descargar Contenido"
    },
    "sideload_content": {
      "en":"Sideload Content",
      "es":"Cargar Contenido"
    },
    "add_book_checkbox": {
      "en":"Add a Bible book",
      "fr":"Ajouter un livre biblique"
    },
    "book_code": {
      "en":"Book Code",
      "fr":"Code du livre"
    },
    "book_title": {
      "en":"Book Title",
      "fr":"Titre du livre"
    },
    "book_abbr": {
      "en":"Book Abbreviation",
      "fr":"Abbréviation du livre"
    },
    "content_created": {
      "en":"Content created!",
      "fr":"Contenu créé"
    },
    "content_creation_error": {
      "en":"An error occurred while attempting to create Content",
      "fr":"Une erreur est survenue pendant la création du contenu"
    },
    "add_versification_checkbox": {
      "en": "Add empty chapters and verses",
      "fr": "Ajouter des chapitres et des versets vides"
    },
    "versification_scheme": {
      "en": "Versification scheme",
      "fr": "Schéma de versification"
    },
    "book_or_books": {
      "en": "book(s)",
      "fr": "livre(s)"
    },
    "export_usfm": {
      "en": "Export USFM",
      "es": "Exportar USFM"
    },
    "export_label": {
      "en": "EXPORT",
      "es": "EXPORTAR"
    },
    "cancel": {
      "en": "CANCEL",
      "es": "CANCELAR"
    },
    "pick_one_book_export": {
      "en": "Choose a book to export",
      "es": "Elige uno libro para exportar"
    },
    "pick_one_or_more_books_export": {
      "en": "Choose one or more books to export",
      "es": "Elige uno o más libros para exportar"
    },
    "books": {
      "en": "Books",
      "es": "Libros"
    },
    "export_as_usfm": {
      "en": "Export Content as USFM",
      "es": "Exportar Contenido como USFM"
    },
    "save_book_file": {
      "en": "Save book file",
      "es": "Guardar el archivo del libro"
    },
    "saved": {
      "en": "Saved",
      "es": "Se guardó"
    },
    "to_download_folder": {
      "en": "to Download folder",
      "es": "a la carpeta de Descargas"
    },
    "could_not_fetch": {
      "en": "Could not fetch",
      "es": "No se pudo obtener"
    },
    "local_org": {
      "en": "This computer",
      "fr": "Cet ordinateur"
    },
    "no_books_selected": {
      "en": "No books were selected so nothing was exported",
      "fr": "Aucun livre n'a été selectionné pour exportation"
    },
    "protestant_books_only": {
      "en": "List protestant books only",
      "fr": "Proposer uniquement les livres protestants"
    },
    "export_docx": {
      "en": "Export as Word document",
      "fr": "Exporter comme document Word"
    },
    "generate_pdf": {
      "en": "Generate a PDF"
    },
    "generate_as_pdf": {
      "en": "Generate a PDF"
    },
    "delete_content": {
      "en": "Delete this content",
      "fr": "Supprimer ce contenu"
    },
    "repo_deleted": {
      "en": "Content deleted",
      "fr": "Contenu effacé"
    },
    "could_not_delete_repo": {
      "en": "Could not delete content",
      "fr": "Impossible de supprimer le contenu"
    },
    "about_to_delete_content": {
      "en": "About to delete this content. This operation cannot be undone. Click \"cancel\" unless you are sure you want to delete this content permanently.",
      "fra": "Vous êtes sur le point de supprimer ce contenu. Cette opération est permanent. Cliquez sur \"Annuler\", sauf si vous voulez vraiment effacer ce contenu de façon irréversible."
    },
    "do_delete_button": {
      "en": "Delete",
      "fr": "Supprimer"
    },
    "book_created": {
      "en": "Book created",
      "fr": "Livre crée"
    },
    "book_creation_error": {
      "en": "An error occurred: the book has not been created",
      "fr": "Une erreur est survenue : le livre n'a pas été créé"
    },
    "new_book": {
      "en":"New Book",
      "fr":"Nouveau livre"
    },
    "show_by_verse": {
      "en": "Show by verse",
      "es": "Mostrar por versículos"
    },
    "show_title": {
      "en": "Show title",
      "es": "Mostrar el título"
    },
    "show_headings": {
      "en": "Show headings",
      "es": "Mostrar encabezados"
    },
    "show_introductions": {
      "en": "Show introductions",
      "es": "Mostrar introducciones"
    },
    "show_footnotes": {
      "en": "Show footnotes",
      "es": "Mostrar notas a pie de página"
    },
    "show_xrefs": {
      "en": "Show cross references",
      "es": "Mostrar referencias cruzadas"
    },
    "show_para_styles": {
      "en": "Show paragraph styles",
      "es": "Mostrar estilos de párrafo"
    },
    "show_character_markup": {
      "en": "Show character markup",
      "es": "Mostrar el marcado de caracteres"
    },
    "show_chapter_labels": {
      "en": "Show chapter labels",
      "es": "Mostrar los nombres de los capítulos"
    },
    "show_verses_labels": {
      "en": "Show verses labels",
      "es": "Mostrar los nomnbres de los versículos"
    },
    "show_first_verse_label": {
      "en": "Show first verse label",
      "es": "Mostrar el nombre del primer versículo"
    },
    "number_of_columns": {
      "en": "Select the number of columns",
      "es": "Seleccione el número de columnas"
    }
  }
}