{
  "id": "core-remote-resources",
  "require": {
    "net": true
  },
  "exclude_from_menu": true,
  "exclude_from_dashboard": true,
  "i18n": {
    "title": {
      "ar": "موارد للتنزيل",
      "en": "Resources on Servers",
      "fr": "Ressources sur Serveur",
      "id": "Sumber Daya di Server"
    },
    "summary": {
      "ar": "ابحث وقم بتنزيل الموارد الموجودة في الموقع الالكتروني لبنكوسميا.",
      "en": "Search and download remote resources from Pankosmia servers.",
      "fr": "Chercher et télécharger des ressources depuis des serveurs Pankosmia.",
      "id": "Cari dan unduh sumber daya jarak jauh dari server-server Pankosmia."
    },
    "downloaded": {
      "en": "has been downloaded",
      "es": "fue descargado"
    },
    "downloading": {
      "en": "Downloading",
      "es": "Descargando"
    },
    "failed_to_download": {
      "en": "has failed to download",
      "es": "no se pudo descargar"
    }
  }
}