{
  "id": "core-local-workspace",
  "require": {
    "net": false
  },
  "exclude_from_menu": true,
  "exclude_from_dashboard": true,
  "i18n": {
    "title": {
      "ar": "مساحة العمل المحلية ",
      "en": "Workspace",
      "fr": "Espace de Travail",
      "id": "Ruang Kerja"
    },
    "summary": {
      "ar": "تسييير و تغيير الموارد المحلية",
      "en": "Edit your content",
      "fr": "Editer votre contenu",
      "id": "Kelola dan edit sumber daya lokal"
    },
    "flavor": {
      "en": "flavor"
    },
    "editing": {
      "en": "Edit",
      "fr": "Editer"
    },
    "saved": {
      "en": "Saved!",
      "fr": "Enregistré !"
    },
    "save_error": {
      "en": "Could not save!",
      "fr": "Enregistrement a échoué !"
    },
    "load_error": {
      "en": "Could not load",
      "fr": "Le chargement a échoué"
    },
    "choose_resources": {
      "en": "Choose resources to display in your workspace",
      "fr": "Choisissez des ressources qui seront affichées sur votre plan de travail"
    },
    "save_your_work": {
      "en": "Save your work before leaving this page!",
      "fr": "Enregistrez votre travail avant de quitter cette page !"
    },
    "change_book": {
      "en": "Changing Book",
      "fr": "Changer de livre",
      "es": "Cambiar de libro"
    },
    "change_book_question": {
      "en": "You are about to change to a different book. This will discard any unsaved changes you have made to the current book. Do you wish to continue?",
      "fr": "Vous êtes sur le point de changer de livre. Cette opération annulera toutes les modifications non sauvegardées que vous avez apportées au livre actuel. Souhaitez-vous continuer ?",
      "es": "Está a punto de cambiar de libro. Esto descartará cualquier cambio no guardado que haya realizado en el libro actual. ¿Desea continuar?"
    },
    "accept": {
      "en": "Accept",
      "fr": "Accepter",
      "es": "Aceptar"
    },
    "cancel": {
      "en": "Cancel",
      "fr": "Annuler",
      "es": "Cancelar"
    }
  }
}