{
  "id": "core-local-workspace",
  "require": {
    "net": false
  },
  "i18n": {
    "title": {
      "ar": "مساحة العمل المحلية ",
      "en": "Local Workspace",
      "fr": "Espace de Travail Local",
      "id": "Ruang Kerja Lokal"
    },
    "summary": {
      "ar": "تسييير و تغيير الموارد المحلية",
      "en": "Manage and edit local resources",
      "fr": "Gérer et modifier des ressources locales",
      "id": "Kelola dan edit sumber daya lokal"
    },
    "flavor": {
      "en": "flavor"
    }
  }
}