{
  "maxVerses": {
    "GEN": [
      "31",
      "25",
      "24",
      "26",
      "32",
      "22",
      "24",
      "22",
      "29",
      "32",
      "32",
      "20",
      "18",
      "24",
      "21",
      "16",
      "27",
      "33",
      "38",
      "18",
      "34",
      "24",
      "20",
      "67",
      "34",
      "35",
      "46",
      "22",
      "35",
      "43",
      "55",
      "32",
      "20",
      "31",
      "29",
      "43",
      "36",
      "30",
      "23",
      "23",
      "57",
      "38",
      "34",
      "34",
      "28",
      "34",
      "31",
      "22",
      "33",
      "26"
    ],
    "EXO": [
      "22",
      "25",
      "22",
      "31",
      "23",
      "30",
      "25",
      "32",
      "35",
      "29",
      "10",
      "51",
      "22",
      "31",
      "27",
      "36",
      "16",
      "27",
      "25",
      "26",
      "36",
      "31",
      "33",
      "18",
      "40",
      "37",
      "21",
      "43",
      "46",
      "38",
      "18",
      "35",
      "23",
      "35",
      "35",
      "38",
      "29",
      "31",
      "43",
      "38"
    ],
    "LEV": [
      "17",
      "16",
      "17",
      "35",
      "19",
      "30",
      "38",
      "36",
      "24",
      "20",
      "47",
      "8",
      "59",
      "56",
      "33",
      "34",
      "16",
      "30",
      "37",
      "27",
      "24",
      "33",
      "44",
      "23",
      "55",
      "46",
      "34"
    ],
    "NUM": [
      "54",
      "34",
      "51",
      "49",
      "31",
      "27",
      "89",
      "26",
      "23",
      "36",
      "35",
      "15",
      "34",
      "45",
      "41",
      "50",
      "13",
      "32",
      "22",
      "29",
      "35",
      "41",
      "30",
      "25",
      "18",
      "65",
      "23",
      "31",
      "39",
      "17",
      "54",
      "42",
      "56",
      "29",
      "34",
      "13"
    ],
    "DEU": [
      "46",
      "37",
      "29",
      "49",
      "33",
      "25",
      "26",
      "20",
      "29",
      "22",
      "32",
      "32",
      "18",
      "29",
      "23",
      "22",
      "20",
      "22",
      "21",
      "20",
      "23",
      "30",
      "25",
      "22",
      "19",
      "19",
      "26",
      "68",
      "29",
      "20",
      "30",
      "52",
      "29",
      "12"
    ],
    "JOS": [
      "18",
      "24",
      "17",
      "24",
      "16",
      "26",
      "26",
      "35",
      "27",
      "43",
      "23",
      "24",
      "33",
      "15",
      "63",
      "10",
      "18",
      "28",
      "51",
      "9",
      "45",
      "34",
      "16",
      "33"
    ],
    "JDG": [
      "36",
      "23",
      "31",
      "24",
      "31",
      "40",
      "25",
      "35",
      "57",
      "18",
      "40",
      "15",
      "25",
      "20",
      "20",
      "31",
      "13",
      "31",
      "30",
      "48",
      "25"
    ],
    "RUT": [
      "22",
      "23",
      "18",
      "22"
    ],
    "1SA": [
      "28",
      "36",
      "21",
      "22",
      "12",
      "21",
      "17",
      "22",
      "27",
      "27",
      "15",
      "25",
      "23",
      "52",
      "35",
      "23",
      "58",
      "30",
      "24",
      "43",
      "15",
      "23",
      "28",
      "23",
      "44",
      "25",
      "12",
      "25",
      "11",
      "31",
      "13"
    ],
    "2SA": [
      "27",
      "32",
      "39",
      "12",
      "25",
      "23",
      "29",
      "18",
      "13",
      "19",
      "27",
      "31",
      "39",
      "33",
      "37",
      "23",
      "29",
      "33",
      "43",
      "26",
      "22",
      "51",
      "39",
      "25"
    ],
    "1KI": [
      "53",
      "46",
      "28",
      "34",
      "18",
      "38",
      "51",
      "66",
      "28",
      "29",
      "43",
      "33",
      "34",
      "31",
      "34",
      "34",
      "24",
      "46",
      "21",
      "43",
      "29",
      "53"
    ],
    "2KI": [
      "18",
      "25",
      "27",
      "44",
      "27",
      "33",
      "20",
      "29",
      "37",
      "36",
      "21",
      "21",
      "25",
      "29",
      "38",
      "20",
      "41",
      "37",
      "37",
      "21",
      "26",
      "20",
      "37",
      "20",
      "30"
    ],
    "1CH": [
      "54",
      "55",
      "24",
      "43",
      "26",
      "81",
      "40",
      "40",
      "44",
      "14",
      "47",
      "40",
      "14",
      "17",
      "29",
      "43",
      "27",
      "17",
      "19",
      "8",
      "30",
      "19",
      "32",
      "31",
      "31",
      "32",
      "34",
      "21",
      "30"
    ],
    "2CH": [
      "17",
      "18",
      "17",
      "22",
      "14",
      "42",
      "22",
      "18",
      "31",
      "19",
      "23",
      "16",
      "22",
      "15",
      "19",
      "14",
      "19",
      "34",
      "11",
      "37",
      "20",
      "12",
      "21",
      "27",
      "28",
      "23",
      "9",
      "27",
      "36",
      "27",
      "21",
      "33",
      "25",
      "33",
      "27",
      "23"
    ],
    "EZR": [
      "11",
      "70",
      "13",
      "24",
      "17",
      "22",
      "28",
      "36",
      "15",
      "44"
    ],
    "NEH": [
      "11",
      "20",
      "32",
      "23",
      "19",
      "19",
      "73",
      "18",
      "38",
      "39",
      "36",
      "47",
      "31"
    ],
    "EST": [
      "22",
      "23",
      "15",
      "17",
      "14",
      "14",
      "10",
      "17",
      "32",
      "3"
    ],
    "JOB": [
      "22",
      "13",
      "26",
      "21",
      "27",
      "30",
      "21",
      "22",
      "35",
      "22",
      "20",
      "25",
      "28",
      "22",
      "35",
      "22",
      "16",
      "21",
      "29",
      "29",
      "34",
      "30",
      "17",
      "25",
      "6",
      "14",
      "23",
      "28",
      "25",
      "31",
      "40",
      "22",
      "33",
      "37",
      "16",
      "33",
      "24",
      "41",
      "35",
      "27",
      "26",
      "17"
    ],
    "PSA": [
      "6",
      "12",
      "9",
      "9",
      "13",
      "11",
      "18",
      "10",
      "39",
      "7",
      "9",
      "6",
      "7",
      "5",
      "11",
      "15",
      "51",
      "15",
      "10",
      "14",
      "32",
      "6",
      "10",
      "22",
      "12",
      "14",
      "9",
      "11",
      "13",
      "25",
      "11",
      "22",
      "23",
      "28",
      "13",
      "40",
      "23",
      "14",
      "18",
      "14",
      "12",
      "5",
      "27",
      "18",
      "12",
      "10",
      "15",
      "21",
      "23",
      "21",
      "11",
      "7",
      "9",
      "24",
      "14",
      "12",
      "12",
      "18",
      "14",
      "9",
      "13",
      "12",
      "11",
      "14",
      "20",
      "8",
      "36",
      "37",
      "6",
      "24",
      "20",
      "28",
      "23",
      "11",
      "13",
      "21",
      "72",
      "13",
      "20",
      "17",
      "8",
      "19",
      "13",
      "14",
      "17",
      "7",
      "19",
      "53",
      "17",
      "16",
      "16",
      "5",
      "23",
      "11",
      "13",
      "12",
      "9",
      "9",
      "5",
      "8",
      "29",
      "22",
      "35",
      "45",
      "48",
      "43",
      "14",
      "31",
      "7",
      "10",
      "10",
      "9",
      "26",
      "9",
      "10",
      "2",
      "29",
      "176",
      "7",
      "8",
      "9",
      "4",
      "8",
      "5",
      "6",
      "5",
      "6",
      "8",
      "8",
      "3",
      "18",
      "3",
      "3",
      "21",
      "26",
      "9",
      "8",
      "24",
      "14",
      "10",
      "7",
      "12",
      "15",
      "21",
      "10",
      "11",
      "9",
      "14",
      "9",
      "6"
    ],
    "PRO": [
      "33",
      "22",
      "35",
      "27",
      "23",
      "35",
      "27",
      "36",
      "18",
      "32",
      "31",
      "28",
      "25",
      "35",
      "33",
      "33",
      "28",
      "24",
      "29",
      "30",
      "31",
      "29",
      "35",
      "34",
      "28",
      "28",
      "27",
      "28",
      "27",
      "33",
      "31"
    ],
    "ECC": [
      "18",
      "26",
      "22",
      "17",
      "19",
      "12",
      "29",
      "17",
      "18",
      "20",
      "10",
      "14"
    ],
    "SNG": [
      "16",
      "17",
      "11",
      "16",
      "16",
      "12",
      "14",
      "14"
    ],
    "ISA": [
      "31",
      "22",
      "25",
      "6",
      "30",
      "13",
      "25",
      "22",
      "21",
      "34",
      "16",
      "6",
      "22",
      "32",
      "9",
      "14",
      "14",
      "7",
      "25",
      "6",
      "17",
      "25",
      "18",
      "23",
      "12",
      "21",
      "13",
      "29",
      "24",
      "33",
      "9",
      "20",
      "24",
      "17",
      "10",
      "22",
      "38",
      "22",
      "8",
      "31",
      "29",
      "25",
      "28",
      "28",
      "25",
      "13",
      "15",
      "22",
      "26",
      "11",
      "23",
      "15",
      "12",
      "17",
      "13",
      "12",
      "21",
      "14",
      "21",
      "22",
      "11",
      "12",
      "19",
      "12",
      "25",
      "24"
    ],
    "JER": [
      "19",
      "37",
      "25",
      "31",
      "31",
      "30",
      "34",
      "22",
      "26",
      "25",
      "23",
      "17",
      "27",
      "22",
      "21",
      "21",
      "27",
      "23",
      "15",
      "18",
      "14",
      "30",
      "40",
      "10",
      "38",
      "24",
      "22",
      "17",
      "32",
      "24",
      "40",
      "44",
      "26",
      "22",
      "19",
      "32",
      "21",
      "28",
      "18",
      "16",
      "18",
      "22",
      "13",
      "30",
      "5",
      "28",
      "7",
      "47",
      "39",
      "46",
      "64",
      "34"
    ],
    "LAM": [
      "22",
      "22",
      "66",
      "22",
      "22"
    ],
    "EZK": [
      "28",
      "10",
      "27",
      "17",
      "17",
      "14",
      "27",
      "18",
      "11",
      "22",
      "25",
      "28",
      "23",
      "23",
      "8",
      "63",
      "24",
      "32",
      "14",
      "49",
      "32",
      "31",
      "49",
      "27",
      "17",
      "21",
      "36",
      "26",
      "21",
      "26",
      "18",
      "32",
      "33",
      "31",
      "15",
      "38",
      "28",
      "23",
      "29",
      "49",
      "26",
      "20",
      "27",
      "31",
      "25",
      "24",
      "23",
      "35"
    ],
    "DAN": [
      "21",
      "49",
      "33",
      "34",
      "31",
      "28",
      "28",
      "27",
      "27",
      "21",
      "45",
      "13"
    ],
    "HOS": [
      "11",
      "23",
      "5",
      "19",
      "15",
      "11",
      "16",
      "14",
      "17",
      "15",
      "12",
      "14",
      "15",
      "10"
    ],
    "JOL": [
      "20",
      "32",
      "21"
    ],
    "AMO": [
      "15",
      "16",
      "15",
      "13",
      "27",
      "14",
      "17",
      "14",
      "15"
    ],
    "OBA": [
      "21"
    ],
    "JON": [
      "16",
      "11",
      "10",
      "11"
    ],
    "MIC": [
      "16",
      "13",
      "12",
      "13",
      "15",
      "16",
      "20"
    ],
    "NAM": [
      "15",
      "13",
      "19"
    ],
    "HAB": [
      "17",
      "20",
      "19"
    ],
    "ZEP": [
      "18",
      "15",
      "20"
    ],
    "HAG": [
      "15",
      "23"
    ],
    "ZEC": [
      "21",
      "13",
      "10",
      "14",
      "11",
      "15",
      "14",
      "23",
      "17",
      "12",
      "17",
      "14",
      "9",
      "21"
    ],
    "MAL": [
      "14",
      "17",
      "18",
      "6"
    ],
    "MAT": [
      "25",
      "23",
      "17",
      "25",
      "48",
      "34",
      "29",
      "34",
      "38",
      "42",
      "30",
      "50",
      "58",
      "36",
      "39",
      "28",
      "27",
      "35",
      "30",
      "34",
      "46",
      "46",
      "39",
      "51",
      "46",
      "75",
      "66",
      "20"
    ],
    "MRK": [
      "45",
      "28",
      "35",
      "41",
      "43",
      "56",
      "37",
      "38",
      "50",
      "52",
      "33",
      "44",
      "37",
      "72",
      "47",
      "20"
    ],
    "LUK": [
      "80",
      "52",
      "38",
      "44",
      "39",
      "49",
      "50",
      "56",
      "62",
      "42",
      "54",
      "59",
      "35",
      "35",
      "32",
      "31",
      "37",
      "43",
      "48",
      "47",
      "38",
      "71",
      "56",
      "53"
    ],
    "JHN": [
      "51",
      "25",
      "36",
      "54",
      "47",
      "71",
      "53",
      "59",
      "41",
      "42",
      "57",
      "50",
      "38",
      "31",
      "27",
      "33",
      "26",
      "40",
      "42",
      "31",
      "25"
    ],
    "ACT": [
      "26",
      "47",
      "26",
      "37",
      "42",
      "15",
      "60",
      "40",
      "43",
      "48",
      "30",
      "25",
      "52",
      "28",
      "41",
      "40",
      "34",
      "28",
      "40",
      "38",
      "40",
      "30",
      "35",
      "27",
      "27",
      "32",
      "44",
      "31"
    ],
    "ROM": [
      "32",
      "29",
      "31",
      "25",
      "21",
      "23",
      "25",
      "39",
      "33",
      "21",
      "36",
      "21",
      "14",
      "26",
      "33",
      "24"
    ],
    "1CO": [
      "31",
      "16",
      "23",
      "21",
      "13",
      "20",
      "40",
      "13",
      "27",
      "33",
      "34",
      "31",
      "13",
      "40",
      "58",
      "24"
    ],
    "2CO": [
      "24",
      "17",
      "18",
      "18",
      "21",
      "18",
      "16",
      "24",
      "15",
      "18",
      "32",
      "21",
      "13"
    ],
    "GAL": [
      "24",
      "21",
      "29",
      "31",
      "26",
      "18"
    ],
    "EPH": [
      "23",
      "22",
      "21",
      "32",
      "33",
      "24"
    ],
    "PHP": [
      "30",
      "30",
      "21",
      "23"
    ],
    "COL": [
      "29",
      "23",
      "25",
      "18"
    ],
    "1TH": [
      "10",
      "20",
      "13",
      "18",
      "28"
    ],
    "2TH": [
      "12",
      "17",
      "18"
    ],
    "1TI": [
      "20",
      "15",
      "16",
      "16",
      "25",
      "21"
    ],
    "2TI": [
      "18",
      "26",
      "17",
      "22"
    ],
    "TIT": [
      "16",
      "15",
      "15"
    ],
    "PHM": [
      "25"
    ],
    "HEB": [
      "14",
      "18",
      "19",
      "16",
      "14",
      "20",
      "28",
      "13",
      "28",
      "39",
      "40",
      "29",
      "25"
    ],
    "JAS": [
      "27",
      "26",
      "18",
      "17",
      "20"
    ],
    "1PE": [
      "25",
      "25",
      "22",
      "19",
      "14"
    ],
    "2PE": [
      "21",
      "22",
      "18"
    ],
    "1JN": [
      "10",
      "29",
      "24",
      "21",
      "21"
    ],
    "2JN": [
      "13"
    ],
    "3JN": [
      "15"
    ],
    "JUD": [
      "25"
    ],
    "REV": [
      "20",
      "29",
      "22",
      "11",
      "14",
      "17",
      "17",
      "13",
      "21",
      "11",
      "19",
      "17",
      "18",
      "20",
      "8",
      "21",
      "18",
      "24",
      "21",
      "15",
      "27",
      "21"
    ]
  },
  "mappedVerses": {
    "GEN 31:55": "GEN 32:1",
    "GEN 32:1-32": "GEN 32:2-33",
    "EXO 8:1-4": "EXO 7:26-29",
    "EXO 8:5-32": "EXO 8:1-28",
    "EXO 22:1": "EXO 21:37",
    "EXO 22:2-31": "EXO 22:1-30",
    "LEV 6:1-7": "LEV 5:20-26",
    "LEV 6:8-30": "LEV 6:1-23",
    "LEV 14:55": "LEV 14:56",
    "LEV 14:56": "LEV 14:57",
    "NUM 13:1": "NUM 12:16",
    "NUM 13:2-34": "NUM 13:1-33",
    "NUM 16:36-50": "NUM 17:1-15",
    "NUM 17:1-13": "NUM 17:16-28",
    "NUM 26:1": "NUM 26:1",
    "DEU 12:32": "DEU 13:1",
    "DEU 13:1-18": "DEU 13:2-19",
    "DEU 22:30": "DEU 23:1",
    "DEU 23:1-25": "DEU 23:2-26",
    "DEU 29:1": "DEU 28:69",
    "DEU 29:2-29": "DEU 29:1-28",
    "JOS 5:16": "JOS 6:1",
    "JOS 6:1-26": "JOS 6:2-27",
    "1SA 20:43": "1SA 21:1",
    "1SA 21:1-15": "1SA 21:2-16",
    "2SA 18:33": "2SA 19:1",
    "2SA 19:1-43": "2SA 19:2-44",
    "1KI 4:21-34": "1KI 5:1-14",
    "1KI 5:1-18": "1KI 5:15-32",
    "1KI 22:43": "1KI 22:44",
    "1KI 22:44-53": "1KI 22:45-54",
    "2KI 11:21": "2KI 12:1",
    "2KI 12:1-21": "2KI 12:2-22",
    "1CH 6:1-15": "1CH 5:27-41",
    "1CH 6:16-81": "1CH 6:1-66",
    "1CH 12:4": "1CH 12:5",
    "1CH 12:5-40": "1CH 12:6-41",
    "2CH 2:1": "2CH 1:18",
    "2CH 2:2-18": "2CH 2:1-17",
    "2CH 14:1": "2CH 13:23",
    "2CH 14:2-15": "2CH 14:1-14",
    "NEH 4:1-6": "NEH 3:33-38",
    "NEH 4:7-23": "NEH 4:1-17",
    "NEH 7:67": "NEH 7:67",
    "NEH 7:68": "NEH 7:67",
    "NEH 7:69-73": "NEH 7:68-72",
    "NEH 9:38": "NEH 10:1",
    "NEH 10:1-39": "NEH 10:2-40",
    "JOB 39:31-35": "JOB 40:1-5",
    "JOB 40:1-19": "JOB 40:6-24",
    "JOB 40:20-27": "JOB 40:25-32",
    "PSA 9:22": "PSA 10:0",
    "PSA 9:22-39": "PSA 10:1-18",
    "PSA 10:0-7": "PSA 11:0-7",
    "PSA 11:0-9": "PSA 12:0-9",
    "PSA 12:0-6": "PSA 13:0-6",
    "PSA 13:0-7": "PSA 14:0-7",
    "PSA 14:0-5": "PSA 15:0-5",
    "PSA 15:0-11": "PSA 16:0-11",
    "PSA 16:0-15": "PSA 17:0-15",
    "PSA 17:0-51": "PSA 18:0-51",
    "PSA 18:0-15": "PSA 19:0-15",
    "PSA 19:0-10": "PSA 20:0-10",
    "PSA 20:0-14": "PSA 21:0-14",
    "PSA 21:0-32": "PSA 22:0-32",
    "PSA 22:0-6": "PSA 23:0-6",
    "PSA 23:0-10": "PSA 24:0-10",
    "PSA 24:0-22": "PSA 25:0-22",
    "PSA 25:0-12": "PSA 26:0-12",
    "PSA 26:0-14": "PSA 27:0-14",
    "PSA 27:0-9": "PSA 28:0-9",
    "PSA 28:0-11": "PSA 29:0-11",
    "PSA 29:0-13": "PSA 30:0-13",
    "PSA 30:0-25": "PSA 31:0-25",
    "PSA 31:0-11": "PSA 32:0-11",
    "PSA 32:0-22": "PSA 33:0-22",
    "PSA 33:0-23": "PSA 34:0-23",
    "PSA 34:0-28": "PSA 35:0-28",
    "PSA 35:0-13": "PSA 36:0-13",
    "PSA 36:0-40": "PSA 37:0-40",
    "PSA 37:0-23": "PSA 38:0-23",
    "PSA 38:0-14": "PSA 39:0-14",
    "PSA 39:0-18": "PSA 40:0-18",
    "PSA 40:0-14": "PSA 41:0-14",
    "PSA 41:0-12": "PSA 42:0-12",
    "PSA 42:0-5": "PSA 43:0-5",
    "PSA 43:0-27": "PSA 44:0-27",
    "PSA 44:0-18": "PSA 45:0-18",
    "PSA 45:0-12": "PSA 46:0-12",
    "PSA 46:0-10": "PSA 47:0-10",
    "PSA 47:0-15": "PSA 48:0-15",
    "PSA 48:0-21": "PSA 49:0-21",
    "PSA 49:0-23": "PSA 50:0-23",
    "PSA 50:0-21": "PSA 51:0-21",
    "PSA 51:0-11": "PSA 52:0-11",
    "PSA 52:0-7": "PSA 53:0-7",
    "PSA 53:0-9": "PSA 54:0-9",
    "PSA 54:0-24": "PSA 55:0-24",
    "PSA 55:0-14": "PSA 56:0-14",
    "PSA 56:0-12": "PSA 57:0-12",
    "PSA 57:0-12": "PSA 58:0-12",
    "PSA 58:0-18": "PSA 59:0-18",
    "PSA 59:0-14": "PSA 60:0-14",
    "PSA 60:0-9": "PSA 61:0-9",
    "PSA 61:0-13": "PSA 62:0-13",
    "PSA 62:0-12": "PSA 63:0-12",
    "PSA 63:0-11": "PSA 64:0-11",
    "PSA 64:0-14": "PSA 65:0-14",
    "PSA 65:0-20": "PSA 66:0-20",
    "PSA 66:0-8": "PSA 67:0-8",
    "PSA 67:0-36": "PSA 68:0-36",
    "PSA 68:0-37": "PSA 69:0-37",
    "PSA 69:0-6": "PSA 70:0-6",
    "PSA 70:0-24": "PSA 71:0-24",
    "PSA 71:0-20": "PSA 72:0-20",
    "PSA 72:0-28": "PSA 73:0-28",
    "PSA 73:0-23": "PSA 74:0-23",
    "PSA 74:0-11": "PSA 75:0-11",
    "PSA 75:0-13": "PSA 76:0-13",
    "PSA 76:0-21": "PSA 77:0-21",
    "PSA 77:0-72": "PSA 78:0-72",
    "PSA 78:0-13": "PSA 79:0-13",
    "PSA 79:0-20": "PSA 80:0-20",
    "PSA 80:0-17": "PSA 81:0-17",
    "PSA 81:0-8": "PSA 82:0-8",
    "PSA 82:0-19": "PSA 83:0-19",
    "PSA 83:0-13": "PSA 84:0-13",
    "PSA 84:0-14": "PSA 85:0-14",
    "PSA 85:0-17": "PSA 86:0-17",
    "PSA 86:0-1": "PSA 87:0-1",
    "PSA 86:2": "PSA 87:1",
    "PSA 86:2-7": "PSA 87:2-7",
    "PSA 87:0-19": "PSA 88:0-19",
    "PSA 88:0-53": "PSA 89:0-53",
    "PSA 89:0-1": "PSA 90:0",
    "PSA 89:2-6": "PSA 90:1-5",
    "PSA 89:6": "PSA 90:6",
    "PSA 89:7-17": "PSA 90:7-17",
    "PSA 90:0-16": "PSA 91:0-16",
    "PSA 91:0-16": "PSA 92:0-16",
    "PSA 92:0-5": "PSA 93:0-5",
    "PSA 93:0-23": "PSA 94:0-23",
    "PSA 94:0-11": "PSA 95:0-11",
    "PSA 95:0-13": "PSA 96:0-13",
    "PSA 96:0-12": "PSA 97:0-12",
    "PSA 97:0-9": "PSA 98:0-9",
    "PSA 98:0-9": "PSA 99:0-9",
    "PSA 99:0-5": "PSA 100:0-5",
    "PSA 100:0-8": "PSA 101:0-8",
    "PSA 101:0-29": "PSA 102:0-29",
    "PSA 102:0-22": "PSA 103:0-22",
    "PSA 103:0-35": "PSA 104:0-35",
    "PSA 104:0-45": "PSA 105:0-45",
    "PSA 105:0-48": "PSA 106:0-48",
    "PSA 106:0-43": "PSA 107:0-43",
    "PSA 107:0-14": "PSA 108:0-14",
    "PSA 108:0-31": "PSA 109:0-31",
    "PSA 109:0-7": "PSA 110:0-7",
    "PSA 110:0-10": "PSA 111:0-10",
    "PSA 111:0-10": "PSA 112:0-10",
    "PSA 112:0-9": "PSA 113:0-9",
    "PSA 113:0-8": "PSA 114:0-8",
    "PSA 113:9": "PSA 115:0",
    "PSA 113:9-26": "PSA 115:1-18",
    "PSA 114:0-9": "PSA 116:0-9",
    "PSA 115:0": "PSA 116:10",
    "PSA 115:1-10": "PSA 116:10-19",
    "PSA 116:0-2": "PSA 117:0-2",
    "PSA 117:0-29": "PSA 118:0-29",
    "PSA 118:0-176": "PSA 119:0-176",
    "PSA 119:0-7": "PSA 120:0-7",
    "PSA 120:0-8": "PSA 121:0-8",
    "PSA 121:0-9": "PSA 122:0-9",
    "PSA 122:0-4": "PSA 123:0-4",
    "PSA 123:0-8": "PSA 124:0-8",
    "PSA 124:0-5": "PSA 125:0-5",
    "PSA 125:0-6": "PSA 126:0-6",
    "PSA 126:0-5": "PSA 127:0-5",
    "PSA 127:0-6": "PSA 128:0-6",
    "PSA 128:0-8": "PSA 129:0-8",
    "PSA 129:0-8": "PSA 130:0-8",
    "PSA 130:0-3": "PSA 131:0-3",
    "PSA 131:0-18": "PSA 132:0-18",
    "PSA 132:0-3": "PSA 133:0-3",
    "PSA 133:0-3": "PSA 134:0-3",
    "PSA 134:0-21": "PSA 135:0-21",
    "PSA 135:0-26": "PSA 136:0-26",
    "PSA 136:0-9": "PSA 137:0-9",
    "PSA 137:0-8": "PSA 138:0-8",
    "PSA 138:0-24": "PSA 139:0-24",
    "PSA 139:0-14": "PSA 140:0-14",
    "PSA 140:0-10": "PSA 141:0-10",
    "PSA 141:0": "PSA 142:0-1",
    "PSA 141:1-7": "PSA 142:2-8",
    "PSA 142:0-12": "PSA 143:0-12",
    "PSA 143:0-15": "PSA 144:0-15",
    "PSA 144:0-21": "PSA 145:0-21",
    "PSA 145:0-10": "PSA 146:0-10",
    "PSA 146:0-11": "PSA 147:0-11",
    "PSA 147:0": "PSA 147:12",
    "PSA 147:1-9": "PSA 147:12-20",
    "SNG 1:1-16": "SNG 1:2-17",
    "ISA 3:19": "ISA 3:20",
    "ISA 3:20-25": "ISA 3:21-26",
    "ISA 9:1": "ISA 8:23",
    "ISA 9:2-21": "ISA 9:1-20",
    "ISA 63:19": "ISA 63:19",
    "ISA 64:1": "ISA 63:19",
    "ISA 64:2-12": "ISA 64:1-11",
    "JER 9:1": "JER 8:23",
    "JER 9:2-26": "JER 9:1-25",
    "EZK 20:45-49": "EZK 21:1-5",
    "EZK 21:1-32": "EZK 21:6-37",
    "DAN 5:31": "DAN 6:1",
    "DAN 6:1-28": "DAN 6:2-29",
    "HOS 1:10-11": "HOS 2:1-2",
    "HOS 2:1-23": "HOS 2:3-25",
    "HOS 11:12": "HOS 12:1",
    "HOS 12:1-14": "HOS 12:2-15",
    "JOL 2:28-32": "JOL 3:1-5",
    "JOL 3:1-21": "JOL 4:1-21",
    "MIC 5:1": "MIC 4:14",
    "MIC 5:2-15": "MIC 5:1-14",
    "NAM 1:15": "NAM 2:1",
    "NAM 2:1-13": "NAM 2:2-14",
    "ZEC 1:18-21": "ZEC 2:1-4",
    "ZEC 2:1-13": "ZEC 2:5-17",
    "MAL 4:1-6": "MAL 3:19-24",
    "ROM 14:24-26": "ROM 16:25-27",
    "2CO 11:32": "2CO 11:33",
    "REV 13:1": "REV 13:1"
  },
  "excludedVerses": [],
  "partialVerses": {}
}
