{
  "id": "content",
  "require": {
    "net": false,
    "debug": false
  },
  "i18n": {
    "title": {
      "en": "My Content"
    },
    "summary": {
      "en": "A place to view and manage my content, including read-only resources and content I am helping to create"
    },
    "stub_content": {
      "en": "Content goes here"
    },
    "close": {
      "en":"close",
      "es":"cerrar"
    },
    "new_content": {
      "en":"New Content",
      "es":"Nuevo Contenido"
    },
    "create": {
      "en":"Create",
      "es":"Crear"
    },
    "name": {
      "en":"Name",
      "es":"Nombre"
    },
    "abbreviation": {
      "en":"Abbreviation",
      "es":"Abreviación"
    },
    "type": {
      "en":"Type",
      "es":"Tipo"
    },
    "lang_code": {
      "en":"Language Code ('und' for undetermined)",
      "es":"Código del Idioma (si no está determinado, use 'und')"
    },
    "add": {
      "en":"add",
      "es":"agregar"
    },
    "create_content": {
      "en":"Create New Content",
      "es":"Crear Nuevo Contenido"
    },
    "download_content": {
      "en":"Download Content",
      "es":"Descargar Contenido"
    },
    "sideload_content": {
      "en":"Sideload Content",
      "es":"Cargar Contenido"
    },
    "add_book_checkbox": {
      "en":"Add a Bible book?",
      "fr":"Ajouter un livre biblique ?"
    },
    "book_code": {
      "en":"Book Code",
      "fr":"Code du livre"
    },
    "book_title": {
      "en":"Book Title",
      "fr":"Titre du livre"
    },
    "book_abbr": {
      "en":"Book Abbreviation",
      "fr":"Abbréviation du livre"
    },
    "content_created": {
      "en":"Content created!",
      "fr":"Contenu créé"
    },
    "content_creation_error": {
      "en":"An error occurred while attempting to create Content",
      "fr":"Une erreur est survenue pendant la création du contenu"
    },
    "add_versification_checkbox": {
      "en": "Add empty chapters and verses?",
      "fr": "Ajouter des chapitres et des versets vides ?"
    },
    "versification_scheme": {
      "en": "Versification scheme",
      "fr": "Schéma de versification"
    }
  }
}