{
  "id": "core-settings",
  "require": {
    "net": false
  },
  "exclude_from_menu": true,
  "exclude_from_dashboard": true,
  "i18n": {
    "title": {
      "en": "Settings",
      "fr": "Paramètres",
      "id": "Pengaturan"
    },
    "summary": {
      "en": "Settings for languages, debugging, data sources...",
      "fr": "Configuration (langues, déboguage, sources de données...)",
      "id": "Pengaturan untuk bahasa, menemukan kesalahan program, sumber data, dll."
    },
    "debug_prompt": {
      "en": "Debug?",
      "fr": "Débogage ?",
      "id": "Debug?",
      "grc": "Ἐκβάλλειν τὰ ἔντομα;"
    },
    "fonts": {
      "en": "Fonts",
      "fr": "Polices",
      "id": "Fon-fon",
      "grc": "Γράμματα"
    },
    "language": {
      "en": "Language",
      "fr": "Langue",
      "id": "Bahasa",
      "grc": "Γλῶσσα"
    },
    "select_hebrewscript": {
      "en": "Hebrew Script",
      "fr": "Police pour Hébreu",
      "id": "Aksara Ibrani",
      "grc": "Ἑβραϊκὰ γράμματα"
    },
    "select_greekscript": {
      "en": "Greek Script Font",
      "fr": "Police pour Grec",
      "id": "Aksara Yunani",
      "grc": "Ἑλληνικὰ γράμματα"
    },
    "select_myanmarscript": {
      "en": "Myanmar / Kayah Li Script",
      "fr": "Police pour Myanmar / Kayah Li",
      "id": "Aksara Myanmar / Kayah Li"
    },
    "select_arabicurduscript": {
      "en": "Arabic / Urdu Script",
      "fr": "Police pour Arabe / Ourdou",
      "id": "Aksara Arab / Urdu",
      "grc": "Ἀραϐικὰ γράμματα"
    },
    "base_font": {
      "en": "Base Font",
      "fr": "Police de base",
      "id": "Fon Dasar",
      "grc": "Ἁλλὰ γράμματα"
    },
    "select_hebrewscriptfont": {
      "en": "Hebrew Script Font",
      "fr": "Police pour Hébreu",
      "id": "Fon Aksara Ibrani",
      "grc": "Ἑβραϊκὰ γράμματα"
    },
    "select_greekscriptfont": {
      "en": "Greek Script Font",
      "fr": "Police pour Grec",
      "id": "Fon Aksara Yunani",
      "grc": "Ἑλληνικὰ γράμματα"
    },
    "select_myanmarscriptfont": {
      "en": "Myanmar / Kayah Li Script Font",
      "fr": "Police pour Myanmar / Kayah Li",
      "id": "Fon Aksara Myanmar / Kayah Li"
    },
    "select_arabicurduscriptfont": {
      "en": "Arabic / Urdu Script Font",
      "fr": "Police pour Arabe / Ourdou",
      "id": "Fon Aksara Arab / Urdu",
      "grc": "Ἀραϐικὰ γράμματα"
    },
    "replace_awami": {
      "en": "Noto Nastaliq Urdu if your browser is not Firefox",
      "fr": "Noto Nastaliq Urdu si votre navigateur n'est pas Firefox",
      "id": "Noto Nastaliq Urdu jika peramban web anda bukan Firefox"
    },
    "replace_noto": {
      "en": "Replaced with Awami Nastaliq in Firefox",
      "fr": "Remplacé par Awami Nastaliq dans Firefox",
      "id": "Diganti dengan Awami Nastaliq di Firefox"
    },
    "current_settings": {
      "en": "Current Settings",
      "fr": "Paramètres Actuels",
      "id": "Pengaturan Saat Ini"
    },
    "factory_settings": {
      "en": "Factory Settings",
      "fr": "Paramètres d'usine",
      "id": "Pengaturan Pabrik"
    },
    "best_with": {
      "en": "Best viewed with Firefox.",
      "fr": "Mieux vu avec Firefox.",
      "id": "Terbaik dengan Firefox."
    },
    "if_not_firefox": {
      "en": "Noto Nastaliq if not Firefox",
      "fr": "Noto Nastaliq sinon Firefox",
      "id": "Noto Nastaliq jika bukan Firefox"
    }
  }
}