{
  "server": {
    "settings": {},
    "net": {},
    "git": {},
    "burrito": {},
    "i18n": {}
  },
  "scripture":{
    "books": {
      "GEN": {"en": "Genesis"},
      "EXO": {"en": "Exodus"},
      "LEV": {"en": "Leviticus"},
      "NUM": {"en": "Numbers"},
      "DEU": {"en": "Deuteronomy"},
      "JOS": {"en": "Joshua"},
      "JDG": {"en": "Judges"},
      "RUT": {"en": "Ruth"},
      "1SA": {"en": "1 Samuel"},
      "2SA": {"en": "2 Samuel"},
      "1KI": {"en": "1 Kings"},
      "2KI": {"en": "2 Kings"},
      "1CH": {"en": "1 Chronicles"},
      "2CH": {"en": "2 Chronicles"},
      "EZR": {"en": "Ezra"},
      "NEH": {"en": "Nehemiah"},
      "EST": {"en": "Esther (Hebrew)"},
      "JOB": {"en": "Job"},
      "PSA": {"en": "Psalms"},
      "PRO": {"en": "Proverbs"},
      "ECC": {"en": "Ecclesiastes"},
      "SNG": {"en": "Song of Songs"},
      "ISA": {"en": "Isaiah"},
      "JER": {"en": "Jeremiah"},
      "LAM": {"en": "Lamentations"},
      "EZK": {"en": "Ezekiel"},
      "DAN": {"en": "Daniel"},
      "HOS": {"en": "Hosea"},
      "JOL": {"en": "Joel"},
      "AMO": {"en": "Amos"},
      "OBA": {"en": "Obadiah"},
      "JON": {"en": "Jonah"},
      "MIC": {"en": "Micah"},
      "NAM": {"en": "Nahum"},
      "HAB": {"en": "Habakkuk"},
      "ZEP": {"en": "Zephaniah"},
      "HAG": {"en": "Haggai"},
      "ZEC": {"en": "Zechariah"},
      "MAL": {"en": "Malachi"},
      "MAT": {"en": "Matthew"},
      "MRK": {"en": "Mark"},
      "LUK": {"en": "Luke"},
      "JHN": {"en": "John"},
      "ACT": {"en": "Acts"},
      "ROM": {"en": "Romans"},
      "1CO": {"en": "1 Corinthians"},
      "2CO": {"en": "2 Corinthians"},
      "GAL": {"en": "Galatians"},
      "EPH": {"en": "Ephesians"},
      "PHP": {"en": "Philippians"},
      "COL": {"en": "Colossians"},
      "1TH": {"en": "1 Thessalonians"},
      "2TH": {"en": "2 Thessalonians"},
      "1TI": {"en": "1 Timothy"},
      "2TI": {"en": "2 Timothy"},
      "TIT": {"en": "Titus"},
      "PHM": {"en": "Philemon"},
      "HEB": {"en": "Hebrews"},
      "JAS": {"en": "James"},
      "1PE": {"en": "1 Peter"},
      "2PE": {"en": "2 Peter"},
      "1JN": {"en": "1 John"},
      "2JN": {"en": "2 John"},
      "3JN": {"en": "3 John"},
      "JUD": {"en": "Jude"},
      "REV": {"en": "Revelation"},
      "TOB": {"en": "Tobit"},
      "JDT": {"en": "Judith"},
      "ESG": {"en": "Esther (Greek)"},
      "WIS": {"en": "Wisdom of Solomon"},
      "SIR": {"en": "Sirach"},
      "BAR": {"en": "Baruch"},
      "LJE": {"en": "Letter of Jeremiah"},
      "S3Y": {"en": "Song of the 3 Young Men"},
      "SUS": {"en": "Susanna"},
      "BEL": {"en": "Bel and the Dragon"},
      "1MA": {"en": "1 Maccabees"},
      "2MA": {"en": "2 Maccabees"},
      "3MA": {"en": "3 Maccabees"},
      "4MA": {"en": "4 Maccabees"},
      "1ES": {"en": "1 Esdras (Greek)"},
      "2ES": {"en": "2 Esdras (Greek)"},
      "MAN": {"en": "Prayer of Manesseh"},
      "PS2": {"en": "Psalm 151"},
      "ODA": {"en": "Odae"},
      "PSS": {"en": "Psalms of Solomon"},
      "JSA": {"en": "Joshua A"},
      "JDB": {"en": "Joshua B"},
      "TBS": {"en": "Tobit S"},
      "SST": {"en": "Susanna θ"},
      "DNT": {"en": "Daniel θ"},
      "BLT": {"en": "Bel and the Dragon θ"},
      "EZA": {"en": "Ezra Apocalypse"},
      "5EZ": {"en": "5 Ezra"},
      "6EZ": {"en": "6 Ezra"},
      "DAG": {"en": "Daniel (Greek)"},
      "PS3": {"en": "Psalms 152-155"},
      "2BA": {"en": "2 Baruch (Apocalypse)"},
      "LBA": {"en": "Letter of Baruch"},
      "JUB": {"en": "Jubilees"},
      "ENO": {"en": "Enoch"},
      "1MQ": {"en": "1 Meqabyan/Mekabis"},
      "2MQ": {"en": "2 Meqabyan/Mekabis"},
      "3MQ": {"en": "3 Meqabyan/Mekabis"},
      "REP": {"en": "Reproof"},
      "4BA": {"en": "4 Baruch"},
      "LAO": {"en": "Letter to the Laodiceans"}
    },
    "versifications": {
      "eng": {
        "en": "Used by most English (e.g. RSV) and Spanish Bibles (e.g. RVR), with verse 0 for Psalms."
      },
      "lxx": {
        "en": "Used by Bibles which follow the Septuagint (mainly Orthodox Bibles)."
      },
      "org": {
        "en": "OT has Masoretic verse structures, NT follows Nestle-Aland."
      },
      "rsc": {
        "en": "Used by the 'Canonical' (Protestant) edition of the Russian Synodal Bible."
      },
      "rso": {
        "en": "Used by the Orthodox edition of the Russian Synodal Bible."
      },
      "vul": {
        "en": "Used by Bibles that follow the Vulgate (typically Catholic)."
      }
    }
  },
  "components": {
    "framework": {
      "no_entry_if_offline": {
        "ar": "يجب أن تكون على الأنترنيت لترى هذه الصفحة  ",
        "en": "You need to be online to view this page.",
        "fr": "Vous devez vous connecter à l'Internet pour accéder à cette page.",
        "id": "Halaman ini memerlukan akses internet.",
        "grc": "Πρέπει ἐπὶ τὸ δικτύδιον εἶναι ἵνα ἐκεῖ ἔλθῃς"
      }
    },
    "header": {
      "new_reference": {
        "ar": "مرجع كتابي",
        "en": "New Reference",
        "fr": "Nouvelle référence",
        "id": "Referensi Baru"
      },
      "goto_local_projects_menu_item": {
        "ar": "المشاريع على هذا الحاسوب",
        "en": "Projects on this machine",
        "fr": "Projets sur cette machine",
        "id": "Proyek-proyek di mesin ini"
      }
    }
  },
  "munchers": {
    "bcv_notes_viewer": {
      "title": {
        "ar": "ملاحظات بالآية",
        "en": "Notes by Verse",
        "fr": "Notes par verset",
        "id": "Catatan per Ayat"
      }
    },
    "tasteless": {
      "title": {
        "en": "Default Viewer",
        "fr": "Vue par défaut",
        "id": "Penampil Default"
      },
      "show_metadata": {
        "ar": "معلومات حول الكتالوج",
        "en": "Show Metadata",
        "fr": "Afficher les metadonnées",
        "id": "Tampilkan Metadata"
      }
    },
    "text_translation_viewer": {
      "title": {
        "ar": "الكتاب المقدس، قراءة فقط",
        "en": "Scripture (Text) Viewer",
        "fr": "Ecriture (texte), lecture seulement",
        "id": "Penampil Kitab Suci (Teks)"
      }
    },
    "text_translation_editor": {
      "title": {
        "ar": "محرر الكتاب المقدس",
        "en": "Scripture (Text) Editor",
        "fr": "Editeur d'Ecriture (texte)",
        "id": "Editor Kitab Suci (Teks)"
      }
    },
    "video_links_viewer": {
      "title": {
        "ar": "لينك الفيديو",
        "en": "Video Links",
        "fr": "Liens vidéo",
        "id": "Tautan video"
      },
      "no_content": {
        "en": "No Content for this Verse",
        "fr": "Aucun contenu pour ce verset",
        "id": "Belum ada Konten untuk Ayat ini"
      },
      "no_video_support": {
        "en": "No Video Support in this Browser",
        "fr": "Ce navigateur ne permet pas de regarder des vidéos",
        "id": "Tidak Ada Dukungan Video di Peramban Web ini"
      },
      "offline_mode": {
        "en": "Video links cannot be displayed in offline. Enable Internet access if it is safe to do so.",
        "fr": "Impossible de suivre des liens vidéo on mode hors ligne. Activez la connection Internet si ça ne vous met pas en danger.",
        "id": "Tautan video tidak dapat ditampilkan tanpa internet. Mengaktifkan internet hanya kalau aman digunakan."
      }
    }
  },
  "flavors": {
    "names": {
      "parascriptural/x-videolinks": {
        "en": "Video Links",
        "fr": "Liens vidéo",
        "id": "Tautan video"
      },
      "parascriptural/x-bcvArticles": {
        "en": "Articles by Verse",
        "fr": "Articles par verset",
        "id": "Artikel per ayat"
      },
      "parascriptural/x-bcvQuestions": {
        "en": "Questions by Verse",
        "fr": "Questions par verset",
        "id": "Pertanyaan per ayat"
      },
      "parascriptural/x-bcvNotes": {
        "en": "Notes by Verse",
        "fr": "Notes par verset",
        "id": "Catatan per Ayat"
      },
      "scripture/textTranslation": {
        "en": "Scripture (Text)",
        "fr": "Ecriture (texte)",
        "id": "Kitab Suci (Teks)",
        "grc": "Γραφή"
      },
      "parascriptural/x-bcvImages": {
        "en": "Images by Verse",
        "fr": "Images par verset",
        "id": "Gambar per Ayat"
      }
    }
  },
  "fonts": {},
  "branding": {
    "software": {
      "name": {
        "en": "Liminal"
      }
    }
  }
}