{
  "server": {
    "settings": {},
    "net": {},
    "git": {},
    "burrito": {},
    "i18n": {}
  },
  "components": {
    "framework": {
      "no_entry_if_offline": {
        "ar": "يجب أن تكون على الأنترنيت لترى هذه الصفحة  ",
        "en": "You need to be online to view this page.",
        "fr": "Vous devez vous connecter à l'Internet pour accéder à cette page.",
        "id": "Halaman ini memerlukan akses internet.",
        "grc": "Πρέπει ἐπὶ τὸ δικτύδιον εἶναι ἵνα ἐκεῖ ἔλθῃς"
      }
    },
    "header": {
      "new_reference": {
        "ar": "مرجع كتابي",
        "en": "New Reference",
        "fr": "Nouvelle référence",
        "id": "Referensi Baru"
      },
      "goto_local_projects_menu_item": {
        "ar": "المشاريع على هذا الحاسوب",
        "en": "Projects on this machine",
        "fr": "Projets sur cette machine",
        "id": "Proyek-proyek di mesin ini"
      }
    }
  },
  "munchers": {
    "bcv_notes_viewer": {
      "title": {
        "ar": "ملاحظات بالآية",
        "en": "Notes by Verse",
        "fr": "Notes par verset",
        "id": "Catatan per Ayat"
      }
    },
    "tasteless": {
      "title": {
        "en": "Default Viewer",
        "fr": "Vue par défaut",
        "id": "Penampil Default"
      },
      "show_metadata": {
        "ar": "معلومات حول الكتالوج",
        "en": "Show Metadata",
        "fr": "Afficher les metadonnées",
        "id": "Tampilkan Metadata"
      }
    },
    "text_translation_viewer": {
      "title": {
        "ar": "الكتاب المقدس، قراءة فقط",
        "en": "Scripture (Text) Viewer",
        "fr": "Ecriture (texte), lecture seulement",
        "id": "Penampil Kitab Suci (Teks)"
      }
    },
    "text_translation_editor": {
      "title": {
        "ar": "محرر الكتاب المقدس",
        "en": "Scripture (Text) Editor",
        "fr": "Editeur d'Ecriture (texte)",
        "id": "Editor Kitab Suci (Teks)"
      }
    },
    "video_links_viewer": {
      "title": {
        "ar": "لينك الفيديو",
        "en": "Video Links",
        "fr": "Liens vidéo",
        "id": "Tautan video"
      },
      "no_content": {
        "en": "No Content for this Verse",
        "fr": "Aucun contenu pour ce verset",
        "id": "Belum ada Konten untuk Ayat ini"
      },
      "no_video_support": {
        "en": "No Video Support in this Browser",
        "fr": "Ce navigateur ne permet pas de regarder des vidéos",
        "id": "Tidak Ada Dukungan Video di Peramban Web ini"
      },
      "offline_mode": {
        "en": "Video links cannot be displayed in offline. Enable Internet access if it is safe to do so.",
        "fr": "Impossible de suivre des liens vidéo on mode hors ligne. Activez la connection Internet si ça ne vous met pas en danger.",
        "id": "Tautan video tidak dapat ditampilkan tanpa internet. Mengaktifkan internet hanya kalau aman digunakan."
      }
    }
  },
  "flavors": {
    "names": {
      "parascriptural/x-videolinks": {
        "en": "Video Links",
        "fr": "Liens vidéo",
        "id": "Tautan video"
      },
      "parascriptural/x-bcvArticles": {
        "en": "Articles by Verse",
        "fr": "Articles par verset",
        "id": "Artikel per ayat"
      },
      "parascriptural/x-bcvNotes": {
        "en": "Notes by Verse",
        "fr": "Notes par verset",
        "id": "Catatan per Ayat"
      },
      "scripture/textTranslation": {
        "en": "Scripture (Text)",
        "fr": "Ecriture (texte)",
        "id": "Kitab Suci (Teks)",
        "grc": "Γραφή"
      },
      "parascriptural/x-bcvImages": {
        "en": "Images by Verse",
        "fr": "Images par verset",
        "id": "Gambar per Ayat"
      }
    }
  },
  "fonts": {},
  "branding": {}
}