{
  "id": "core-local-workspace",
  "require": {
    "net": false
  },
  "exclude_from_menu": true,
  "exclude_from_dashboard": true,
  "i18n": {
    "title": {
      "ar": "مساحة العمل المحلية ",
      "en": "Configure Workspace",
      "fr": "Configurer Espace de Travail Local",
      "id": "Ruang Kerja Lokal"
    },
    "summary": {
      "ar": "تسييير و تغيير الموارد المحلية",
      "en": "Edit your content",
      "fr": "Editer votre contenu",
      "id": "Kelola dan edit sumber daya lokal"
    },
    "flavor": {
      "en": "flavor"
    },
    "editing": {
      "en": "Editing",
      "fr": "Edition de"
    }
  }
}