{
  "id": "core-local-workspace",
  "require": {
    "net": false
  },
  "exclude_from_menu": true,
  "exclude_from_dashboard": true,
  "i18n": {
    "title": {
      "ar": "مساحة العمل المحلية ",
      "en": "Workspace",
      "fr": "Espace de Travail",
      "id": "Ruang Kerja"
    },
    "summary": {
      "ar": "تسييير و تغيير الموارد المحلية",
      "en": "Edit your content",
      "fr": "Editer votre contenu",
      "id": "Kelola dan edit sumber daya lokal"
    },
    "flavor": {
      "en": "flavor"
    },
    "editing": {
      "en": "Editing",
      "fr": "Edition de"
    },
    "saved": {
      "en": "Saved!",
      "fr": "Enregistré !"
    },
    "save_error": {
      "en": "Could not save!",
      "fr": "Enregistrement a échoué !"
    }
  }
}